Domain,Status,Attractiveness,Demand,Length,Sectors,Created,Expires,Registrar
tenth.uk,expired,116,7%,5,Mathematics,05/07/2019 13:01,05/07/2025 13:01,Domainlore LLC
abiding.uk,resell,106,5%,7,"General,Religion",29/09/2017 12:15,29/09/2025 12:15,Christopher Clark t/a Brand Selection - Domain Names For Sale
expert.uk,resell,104,26%,6,"Business,Education,Technology",29/07/2016 09:22,29/07/2026 09:22,Alan Drury
teen.uk,resell,104,14%,4,"Education,Entertainment,Healthcare",05/07/2019 13:00,05/07/2026 13:00,Centraserve Ltd
eighth.uk,resell,100,6%,6,Mathematics,22/03/2021 21:56,22/03/2026 21:56,Dave Searle
adjunct.uk,available,100,5%,7,Education,,,
whiz.uk,resell,100,12%,4,"Business,Education,Technology",13/06/2019 17:25,13/06/2026 17:25,Websitebrokers Limited
actual.uk,resell,96,22%,6,"Real Estate,Retail,Technology",23/01/2020 22:07,23/01/2026 22:07,"GoDaddy.com, LLC."
forgiving.uk,resell,96,3%,9,"Healthcare,Religion",05/02/2025 07:35,05/02/2026 07:35,"GoDaddy.com, LLC."
academic.uk,resell,96,20%,8,"Education,Humanities,Science",12/06/2019 02:36,12/06/2026 02:36,Centraserve Ltd
exemplary.uk,resell,92,5%,9,"Business,Education,Healthcare",29/09/2017 12:49,29/09/2025 12:49,Christopher Clark t/a Brand Selection - Domain Names For Sale
nought.uk,expiring,92,4%,6,Mathematics,05/09/2020 16:20,05/09/2025 16:20,Centraserve Ltd
adoring.uk,available,90,2%,7,"Entertainment,Fashion,Retail",,,
endearing.uk,available,90,1%,9,"Entertainment,Fashion,Retail",,,
addictive.uk,resell,90,9%,9,Healthcare,06/06/2023 18:04,06/06/2026 18:04,Mr C Davies t/a parth.cymru
clear.uk,resell,90,47%,5,"Manufacturing,Retail,Technology",02/07/2019 13:00,02/07/2026 13:00,"GoDaddy.com, LLC."
abortive.uk,available,90,1%,8,"Medicine,Science",,,
riveting.uk,expiring,90,6%,8,"Entertainment,Media,Technology",30/08/2023 13:48,30/08/2025 13:48,Behrendt Professional Corporation t/a Amazing Domains
wide.uk,resell,88,18%,4,"Business,Media,Technology",25/03/2019 10:38,25/03/2026 10:38,Laughing Banana Enterprises Ltd
twelve.uk,expiring,88,18%,6,"General,Mathematics",23/08/2017 13:40,23/08/2025 13:40,New Reg Limited
actionable.uk,resell,88,13%,10,"Business,Law",02/10/2014 12:25,02/10/2025 12:25,Christopher Clark t/a Brand Selection - Domain Names For Sale
ten.uk,resell,88,28%,3,"General,Mathematics",06/04/2015 00:31,06/04/2029 00:31,123-Reg Limited t/a 123-reg
extempore.uk,available,86,3%,9,Entertainment,,,
aboriginal.uk,available,86,10%,10,Humanities,,,
engrossing.uk,available,86,0%,10,"Entertainment,Media,Technology",,,
adolescent.uk,resell,86,3%,10,"Education,Entertainment,Healthcare",19/02/2023 12:12,19/02/2026 12:12,Namecamp Limited t/a Yay.com
xiv.uk,resell,86,12%,3,Mathematics,30/10/2017 09:40,30/10/2025 09:40,ANY-Web Limited
fourteen.uk,expiring,84,8%,8,Mathematics,11/09/2020 22:01,11/09/2025 22:01,Sirius Telecom Ltd
seventeen.uk,expiring,84,7%,9,Mathematics,23/08/2017 12:32,23/08/2025 12:32,New Reg Limited
twentyone.uk,expiring,84,13%,10,Mathematics,23/08/2017 13:40,23/08/2025 13:40,New Reg Limited
accessory.uk,resell,84,8%,9,"Fashion,Retail,Technology",12/06/2019 02:36,12/06/2026 02:36,Centraserve Ltd
cleansing.uk,resell,82,3%,9,Health and Fitness,05/11/2021 12:01,05/11/2025 12:01,Mr C Davies t/a parth.cymru
altered.uk,resell,82,9%,7,"Medicine,Science",01/10/2020 03:50,01/10/2025 03:50,Dave Searle
fivesome.uk,available,82,1%,8,Sports,,,
abkhaz.uk,available,82,1%,6,Geography,,,
decade.uk,resell,82,10%,6,Mathematics,20/01/2020 09:27,20/01/2026 09:27,Simon Fox
absorbent.uk,available,82,3%,9,"Healthcare,Manufacturing,Retail",,,
abdominal.uk,available,82,1%,9,"Health and Fitness,Medicine",,,
impromptu.uk,resell,82,16%,9,Entertainment,27/12/2019 21:38,27/12/2025 21:38,UK Internet Services Ltd
abroach.uk,available,82,1%,7,Food and Beverage,,,
abenaki.uk,available,82,2%,7,Geography,,,
twenty.uk,expiring,80,12%,6,Mathematics,23/08/2017 13:40,23/08/2025 13:40,New Reg Limited
first.uk,expired,80,36%,5,"General,Mathematics",16/06/2014 15:20,16/06/2025 15:20,Ionos SE
absorbable.uk,available,80,0%,10,"Healthcare,Pharmaceuticals,Science",,,
seventh.uk,expired,80,10%,7,Mathematics,07/06/2023 14:08,07/06/2025 14:08,Enterfirst Ltd
sequent.uk,expired,80,7%,7,"Healthcare,Insurance,Transportation",24/06/2019 23:30,24/06/2025 23:30,Michael Burnham t/a Generic Domain
nine.uk,expiring,80,24%,4,"General,Mathematics",05/09/2020 17:06,05/09/2025 17:06,Mark Adams t/a 3DWeb.co.uk
recognized.uk,available,78,3%,10,"Business,Education,Technology",,,
absorptive.uk,available,78,1%,10,"Healthcare,Manufacturing,Retail",,,
dormant.uk,resell,78,4%,7,"Medicine,Science",05/02/2022 18:44,05/02/2026 18:44,Graeme Wingate
athletic.uk,expired,78,15%,8,"Health and Fitness,Sports",01/07/2019 13:00,01/07/2025 13:00,Islam Hegazy
abounding.uk,available,78,2%,9,Agriculture,,,
acceptant.uk,available,78,1%,9,"Education,Healthcare",,,
adrenal.uk,available,78,4%,7,"Education,Healthcare,Science",,,
abkhazian.uk,available,78,1%,9,Geography,,,
acceptable.uk,resell,78,5%,10,"Business,Hospitality,Retail",29/09/2017 12:15,29/09/2025 12:15,Christopher Clark t/a Brand Selection - Domain Names For Sale
abkhasian.uk,available,78,1%,9,Geography,,,
accepted.uk,expiring,78,6%,8,"Business,Education,Technology",10/09/2016 07:55,10/09/2025 07:55,Graeme Wingate
ague.uk,available,76,2%,4,"Geography,Medicine,Science",,,
ventral.uk,available,76,3%,7,Science,,,
fifteenth.uk,available,76,2%,9,Mathematics,,,
adherent.uk,available,76,4%,8,"Politics,Religion",,,
ancillary.uk,available,76,6%,9,"Healthcare,Manufacturing,Technology",,,
fourteenth.uk,available,76,1%,10,Mathematics,,,
hundredth.uk,available,76,1%,9,Mathematics,,,
resultant.uk,available,76,2%,9,"Healthcare,Insurance,Transportation",,,
thousandth.uk,available,76,1%,10,Mathematics,,,
energizing.uk,available,76,3%,10,"Food and Beverage,Health and Fitness,Travel",,,
nineteenth.uk,expiring,76,3%,10,Mathematics,13/09/2024 04:23,13/09/2025 04:23,Cyntra Ventures Ltd
adipose.uk,available,76,2%,7,"Healthcare,Science",,,
acoustic.uk,expiring,76,14%,8,Science,05/09/2018 09:07,05/09/2025 09:07,"GoDaddy.com, LLC."
adhesive.uk,resell,76,7%,8,"Construction,Manufacturing,Technology",30/10/2017 09:17,30/10/2025 09:17,Vital Domains Ltd
addable.uk,available,76,2%,7,"Engineering,Mathematics,Science",,,
abrasive.uk,resell,76,6%,8,"Construction,Manufacturing",30/01/2020 18:36,30/01/2026 18:36,Mantas Simkus
thirteenth.uk,available,76,4%,10,Mathematics,,,
adenoid.uk,available,74,1%,7,"Health and Fitness,Medicine,Science",,,
realizable.uk,available,74,1%,10,"Business,Education,Technology",,,
acuate.uk,available,74,2%,6,"Engineering,Medicine,Science",,,
aberrant.uk,available,74,6%,8,"Medicine,Science",,,
adrenergic.uk,available,74,1%,10,"Education,Healthcare,Science",,,
abnormal.uk,expiring,74,16%,8,"Medicine,Science",08/09/2024 08:28,08/09/2025 08:28,Behrendt Professional Corporation t/a Amazing Domains
adaptative.uk,available,72,1%,10,"Business,Education,Technology",,,
adiabatic.uk,available,72,3%,9,"Engineering,Science",,,
accustomed.uk,available,72,1%,10,"Business,Education,Humanities",,,
ternary.uk,available,72,7%,7,Mathematics,,,
lovely.uk,resell,72,26%,6,"Entertainment,Fashion,Retail",29/09/2017 12:26,29/09/2025 12:26,Christopher Clark t/a Brand Selection - Domain Names For Sale
abreast.uk,available,72,2%,7,"Business,Technology",,,
accusative.uk,available,72,0%,10,"Humanities,Law",,,
adjectival.uk,available,72,1%,10,Education,,,
sixtieth.uk,available,72,1%,8,Mathematics,,,
deep.uk,resell,72,41%,4,"Engineering,Mathematics,Science",02/07/2019 13:00,02/07/2026 13:00,Stephen Hall
seventieth.uk,available,72,1%,10,Mathematics,,,
absolutist.uk,available,72,1%,10,"Humanities,Law,Politics",,,
liv.uk,resell,72,27%,3,Mathematics,03/07/2019 13:00,03/07/2026 13:00,Tool Domains EOOD t/a Salestrar.com
adjunctive.uk,available,72,1%,10,"Healthcare,Manufacturing,Technology",,,
engrossed.uk,available,72,1%,9,"Entertainment,Media,Technology",,,
addicted.uk,resell,72,9%,8,Healthcare,01/07/2019 13:00,01/07/2026 13:00,"Name.com LLC t/a Name.com, Inc."
ninetieth.uk,available,72,1%,9,Mathematics,,,
improvize.uk,available,72,1%,9,Entertainment,,,
aching.uk,available,72,4%,6,Healthcare,,,
abloom.uk,available,72,5%,6,Agriculture,,,
eightieth.uk,available,72,1%,9,Mathematics,,,
ablaze.uk,expiring,72,6%,6,Entertainment,10/09/2020 21:57,10/09/2025 21:57,Hosting Concepts B.V.
acuminate.uk,available,70,1%,9,"Engineering,Medicine,Science",,,
adamantine.uk,available,70,4%,10,Religion,,,
recumbent.uk,available,70,2%,9,"Healthcare,Medicine,Science",,,
stillborn.uk,available,70,2%,9,"Medicine,Science",,,
unity.uk,resell,70,40%,5,Mathematics,05/07/2019 13:00,05/07/2026 13:00,Richard Kandler t/a Nameplace
abradant.uk,available,70,1%,8,"Construction,Manufacturing",,,
consequent.uk,available,70,3%,10,"Business,Education,General,Technology",,,
accumbent.uk,available,70,1%,9,"Healthcare,Medicine,Science",,,
gymnastic.uk,resell,70,3%,9,"Entertainment,Sports",28/02/2022 13:01,28/02/2026 13:01,"Namecheap, Inc."
offhand.uk,available,70,2%,7,Entertainment,,,
practiced.uk,available,70,3%,9,"Education,Health and Fitness,Sports",,,
adjusted.uk,available,70,5%,8,"Manufacturing,Retail,Technology",,,
abulic.uk,available,70,1%,6,Medicine,,,
fiftieth.uk,available,68,0%,8,Mathematics,,,
vindicated.uk,resell,68,2%,10,"Humanities,Law,Politics",30/03/2019 03:15,30/03/2026 02:15,Rubber Keys Ltd
acerate.uk,available,68,1%,7,Science,,,
achaian.uk,available,68,2%,7,Humanities,,,
octonary.uk,available,68,1%,8,Mathematics,,,
threesome.uk,expiring,68,5%,9,Entertainment,06/09/2020 18:44,06/09/2025 18:44,Webber Multimedia Ltd t/a DOMAIN FOR SALE
foursome.uk,available,68,4%,8,Sports,,,
decorated.uk,resell,68,3%,9,"Entertainment,Fashion,Retail",26/04/2025 09:50,26/04/2026 09:50,Namecamp Limited t/a Yay.com
abducent.uk,available,68,0%,8,Medicine,,,
aberdonian.uk,available,68,1%,10,Geography,,,
septenary.uk,available,68,1%,9,Mathematics,,,
activating.uk,available,68,3%,10,"Healthcare,Manufacturing,Technology",,,
abnaki.uk,available,68,1%,6,Geography,,,
licenced.uk,resell,68,2%,8,"Business,Healthcare,Insurance",15/02/2018 10:32,15/02/2026 10:32,Private Equity Systems Ltd t/a British Hosting
fortieth.uk,available,68,0%,8,Mathematics,,,
ane.uk,resell,68,12%,3,Mathematics,18/11/2015 16:48,18/11/2025 16:48,Andrew Bell
achaean.uk,available,68,2%,7,Humanities,,,
abkhas.uk,available,68,0%,6,Geography,,,
stygian.uk,available,68,5%,7,Humanities,,,
ennead.uk,available,68,5%,6,Mathematics,,,
aculeate.uk,available,68,1%,8,"Engineering,Medicine,Science",,,
sevener.uk,available,68,1%,7,Mathematics,,,
ablative.uk,available,68,3%,8,Science,,,
thirtieth.uk,available,68,1%,9,Mathematics,,,
four.uk,expiring,66,27%,4,Mathematics,28/08/2014 13:48,28/08/2025 13:48,Mr Chris Poxon t/a UK1
performing.uk,resell,66,6%,10,Entertainment,05/11/2021 12:00,05/11/2025 12:00,Mr C Davies t/a parth.cymru
adorned.uk,expiring,66,5%,7,"Entertainment,Fashion,Retail",10/09/2023 14:18,10/09/2025 14:18,Mohammed Eyahia t/a 1st 4 Domains
acappella.uk,expiring,66,6%,10,Entertainment,20/08/2018 07:37,20/08/2025 07:37,Webber Multimedia Ltd t/a DOMAIN FOR SALE
according.uk,available,66,3%,9,"Business,Education,Technology",,,
teenager.uk,resell,66,4%,8,"Education,Entertainment,Healthcare",12/06/2019 06:34,12/06/2026 06:34,Centraserve Ltd
sextet.uk,available,66,1%,6,Entertainment,,,
five.uk,expiring,66,26%,4,Mathematics,22/08/2014 10:51,22/08/2025 10:51,Team Blue Internet Services UK Limited
acervate.uk,available,66,1%,8,Science,,,
xvi.uk,resell,66,5%,3,Mathematics,11/06/2019 08:36,11/06/2027 08:36,Existent Ltd
abstinent.uk,available,66,1%,9,"Health and Fitness,Religion",,,
xxii.uk,expired,66,6%,4,Mathematics,12/07/2024 19:40,12/07/2025 19:40,"Cloudflare, Inc."
eighty.uk,expired,66,6%,6,Mathematics,02/07/2019 13:01,02/07/2025 13:01,Simon Fox
exonerated.uk,available,66,2%,10,"Humanities,Law,Politics",,,
onec.uk,available,66,6%,5,Mathematics,,,
xviii.uk,resell,66,5%,5,Mathematics,10/04/2020 21:28,10/04/2026 21:28,Ionos SE
maven.uk,expiring,66,30%,5,"Entertainment,Fashion,Technology",13/09/2023 14:54,13/09/2025 14:54,Behrendt Professional Corporation t/a Amazing Domains
thirty.uk,resell,66,8%,6,Mathematics,29/09/2017 11:30,29/09/2025 11:30,Christopher Clark t/a Brand Selection - Domain Names For Sale
nondrinker.uk,available,64,1%,10,"Health and Fitness,Religion",,,
aflame.uk,available,64,3%,6,Entertainment,,,
ccc.uk,resell,64,38%,3,Mathematics,02/07/2019 13:00,02/07/2026 13:00,Tool Domains EOOD t/a Edoms.com
scatty.uk,available,64,1%,6,"Arts,Entertainment,Media",,,
acentric.uk,available,64,2%,8,Science,,,
astringent.uk,available,64,1%,10,"Healthcare,Pharmaceuticals",,,
exculpated.uk,available,62,1%,10,"Humanities,Law,Politics",,,
sixteenth.uk,resell,62,1%,9,Mathematics,28/10/2020 22:33,28/10/2025 22:33,Mr Andrew Bennett t/a Andrew Bennett
accusing.uk,available,62,1%,8,Law,,,
playacting.uk,available,62,1%,10,Entertainment,,,
admissible.uk,available,62,1%,10,"Education,Healthcare,Law",,,
eighteenth.uk,resell,62,1%,10,Mathematics,15/01/2024 13:11,15/01/2026 13:11,Graeme Wingate
ensuant.uk,available,62,1%,7,"Healthcare,Insurance,Transportation",,,
aborigine.uk,available,62,1%,9,Humanities,,,
eleventh.uk,available,62,5%,8,Mathematics,,,
activistic.uk,available,62,1%,10,"Humanities,Politics",,,
cumulative.uk,available,62,2%,10,"Banking,Finance,Insurance",,,
fortyfour.uk,expired,62,6%,10,Mathematics,13/06/2019 18:41,13/06/2025 18:41,Mark Adams t/a 3DWeb.co.uk
longdozen.uk,available,62,2%,10,Mathematics,,,
pungent.uk,available,62,1%,7,Food and Beverage,,,
chiliad.uk,available,62,2%,7,Mathematics,,,
twodozen.uk,available,62,1%,9,Mathematics,,,
cxxv.uk,available,60,1%,4,Mathematics,,,
adnate.uk,available,60,1%,6,"Agriculture,Manufacturing,Retail",,,
tertiary.uk,resell,60,4%,8,Education,29/09/2017 13:00,29/09/2025 13:00,Christopher Clark t/a Brand Selection - Domain Names For Sale
clxx.uk,available,60,3%,4,Mathematics,,,
clxxv.uk,available,60,1%,5,Mathematics,,,
paunchy.uk,available,60,0%,7,"Health and Fitness,Medicine",,,
clxv.uk,available,60,1%,4,Mathematics,,,
idolised.uk,available,60,1%,8,"Entertainment,Fashion,Retail",,,
abstemious.uk,available,60,0%,10,"Food and Beverage,Health and Fitness,Hospitality",,,
abstainer.uk,available,60,0%,9,"Health and Fitness,Religion",,,
clxxx.uk,available,60,1%,5,Mathematics,,,
annexal.uk,available,60,1%,7,"Agriculture,Manufacturing,Retail",,,
thou.uk,expired,60,7%,4,Mathematics,12/06/2019 06:34,12/06/2025 06:34,Centraserve Ltd
acceptive.uk,available,60,1%,9,"Education,Healthcare",,,
eightysix.uk,expired,60,7%,10,Mathematics,13/06/2019 18:24,13/06/2025 18:24,Mark Adams t/a 3DWeb.co.uk
adnexal.uk,available,60,1%,7,"Agriculture,Manufacturing,Retail",,,
abashed.uk,available,60,1%,7,Humanities,,,
cxxxv.uk,available,60,2%,5,Mathematics,,,
cxxx.uk,available,60,4%,4,Mathematics,,,
cxl.uk,resell,60,7%,3,Mathematics,30/10/2017 09:20,30/10/2025 09:20,Mohammed Eyahia t/a 1st 4 Domains
cautionary.uk,available,60,1%,10,"Business,Education,Healthcare",,,
cxlv.uk,available,60,2%,4,Mathematics,,,
tercet.uk,available,59,2%,6,"Arts,Entertainment,Media",,,
adjustive.uk,available,58,1%,9,"Manufacturing,Retail,Technology",,,
twelfth.uk,resell,58,2%,7,Mathematics,05/07/2019 13:00,05/07/2026 13:00,Centraserve Ltd
accoutred.uk,available,58,1%,9,"Fashion,Manufacturing,Retail",,,
offhanded.uk,available,58,1%,9,Entertainment,,,
acyclic.uk,available,58,4%,7,"Engineering,Mathematics,Science",,,
linear.uk,expired,58,22%,6,"Engineering,Mathematics,Science",03/07/2019 13:00,03/07/2025 13:00,Jonathan Gregory t/a isurveyor.com
lxxx.uk,available,58,2%,4,Mathematics,,,
seven.uk,expired,58,36%,5,Mathematics,04/07/2019 13:00,04/07/2025 13:00,Domainlore LLC
closeto.uk,available,58,3%,8,"Business,Media,Technology",,,
accretive.uk,available,58,6%,9,"Banking,Finance,Insurance",,,
heptad.uk,available,58,1%,6,Mathematics,,,
centesimal.uk,available,58,1%,10,Mathematics,,,
enwrapped.uk,available,58,0%,9,"Entertainment,Fashion,Media",,,
lxxviii.uk,available,58,1%,7,Mathematics,,,
addible.uk,available,58,2%,7,"Engineering,Mathematics,Science",,,
sixtyone.uk,available,58,3%,9,Mathematics,,,
aucourant.uk,available,58,3%,10,"Fashion,Media",,,
justabout.uk,available,58,3%,10,"Business,Media,Technology",,,
adient.uk,available,58,4%,6,"Medicine,Science",,,
sextuplet.uk,available,58,1%,9,Healthcare,,,
eighter.uk,available,58,2%,7,Mathematics,,,
acetic.uk,available,58,1%,6,"Food and Beverage,Science",,,
fourscore.uk,available,58,4%,9,Mathematics,,,
abridged.uk,available,58,4%,8,Media,,,
niner.uk,available,58,5%,5,Mathematics,,,
thirtyone.uk,available,56,5%,10,Mathematics,,,
xliv.uk,available,56,2%,4,Mathematics,,,
xlviii.uk,available,56,1%,6,Mathematics,,,
abeyant.uk,available,56,1%,7,"Business,Law",,,
xxxii.uk,available,56,1%,5,Mathematics,,,
xxviii.uk,available,56,1%,6,Mathematics,,,
xxxv.uk,available,56,4%,4,Mathematics,,,
xxxiii.uk,available,56,2%,6,Mathematics,,,
addled.uk,available,56,2%,6,Entertainment,,,
fiftynine.uk,available,56,4%,10,Mathematics,,,
terzetto.uk,available,56,3%,8,Arts,,,
xxxvi.uk,available,56,1%,5,Mathematics,,,
xxxvii.uk,available,56,2%,6,Mathematics,,,
potbellied.uk,available,56,0%,10,"Health and Fitness,Medicine",,,
xliii.uk,available,56,1%,5,Mathematics,,,
admissive.uk,available,56,1%,9,"Education,Healthcare,Hospitality",,,
xxxiv.uk,available,56,1%,5,Mathematics,,,
xlv.uk,resell,56,6%,3,Mathematics,30/10/2017 09:40,30/10/2025 09:40,ANY-Web Limited
xxxviii.uk,available,56,1%,7,Mathematics,,,
thirtysix.uk,available,56,5%,10,Mathematics,,,
halfdozen.uk,available,56,1%,10,Mathematics,,,
abdominous.uk,available,56,0%,10,"Health and Fitness,Medicine",,,
xxvii.uk,available,56,3%,5,Mathematics,,,
admittable.uk,available,56,1%,10,"Education,Healthcare,Hospitality",,,
xxxi.uk,available,56,9%,4,Mathematics,,,
fortysix.uk,available,56,3%,9,Mathematics,,,
liii.uk,available,56,4%,4,Mathematics,,,
xxix.uk,available,56,4%,4,Mathematics,,,
admittible.uk,available,56,1%,10,"Education,Healthcare,Hospitality",,,
appressed.uk,available,56,0%,9,"Agriculture,Manufacturing,Retail",,,
accoutered.uk,available,56,0%,10,"Fashion,Manufacturing,Retail",,,
lviii.uk,available,56,1%,5,Mathematics,,,
lvii.uk,available,56,1%,4,Mathematics,,,
maledict.uk,available,56,1%,8,Religion,,,
deuceace.uk,available,54,2%,9,Sports,,,
ternion.uk,available,54,3%,7,Mathematics,,,
adducting.uk,available,54,1%,9,"Engineering,Mathematics,Science",,,
abhorrent.uk,available,54,1%,9,Humanities,,,
adjuratory.uk,available,54,0%,10,"Law,Politics,Religion",,,
quatern.uk,available,54,2%,7,Mathematics,,,
scratchy.uk,resell,54,3%,8,Fashion,05/02/2025 07:05,05/02/2026 07:05,"Namecheap, Inc."
quadruplet.uk,available,54,1%,10,"Healthcare,Medicine,Science",,,
abaxial.uk,available,54,1%,7,Science,,,
adpressed.uk,available,54,0%,9,"Agriculture,Manufacturing,Retail",,,
quaternion.uk,available,54,6%,10,Mathematics,,,
acoustical.uk,available,54,4%,10,Science,,,
twoscore.uk,available,54,2%,8,Mathematics,,,
viii.uk,resell,54,6%,4,Mathematics,06/02/2019 20:41,06/02/2026 20:41,Simon Fox
accursed.uk,available,54,3%,8,"Entertainment,Media,Religion",,,
achromatic.uk,available,54,4%,10,Science,,,
actuated.uk,available,54,2%,8,"Automotive,Manufacturing,Technology",,,
adducent.uk,available,54,1%,8,"Engineering,Mathematics,Science",,,
abatable.uk,available,54,1%,8,Law,,,
accentual.uk,available,54,3%,9,"Arts,Entertainment",,,
abatic.uk,available,54,1%,6,Science,,,
deserted.uk,available,54,3%,8,"Hospitality,Real Estate",,,
abient.uk,available,54,1%,6,Science,,,
quintuplet.uk,available,54,1%,10,"Healthcare,Medicine,Science",,,
admonitory.uk,available,54,0%,10,"Business,Education,Healthcare",,,
abducens.uk,available,54,1%,8,Medicine,,,
quaternity.uk,available,54,4%,10,Mathematics,,,
abasic.uk,available,54,1%,6,Science,,,
adductive.uk,available,54,0%,9,"Engineering,Mathematics,Science",,,
monitory.uk,available,54,3%,8,"Business,Education,Healthcare",,,
fortyfive.uk,expired,54,4%,10,Mathematics,14/06/2019 13:24,14/06/2025 13:24,Mark Adams t/a 3DWeb.co.uk
septet.uk,available,53,1%,6,General,,,
sestet.uk,available,53,1%,6,Arts,,,
xcvi.uk,available,52,2%,4,Mathematics,,,
xcvii.uk,available,52,1%,5,Mathematics,,,
lxxxv.uk,available,52,1%,5,Mathematics,,,
ablated.uk,available,52,1%,7,Science,,,
lxxvii.uk,available,52,2%,6,Mathematics,,,
detestable.uk,available,52,1%,10,Humanities,,,
lxxiv.uk,available,52,1%,5,Mathematics,,,
xci.uk,resell,52,4%,3,Mathematics,12/06/2019 15:00,12/06/2026 15:00,Centraserve Ltd
lxvi.uk,available,52,3%,4,Mathematics,,,
xciii.uk,available,52,1%,5,Mathematics,,,
adenoidal.uk,available,52,1%,9,"Health and Fitness,Medicine,Science",,,
lxxi.uk,available,52,1%,4,Mathematics,,,
lxii.uk,available,52,1%,4,Mathematics,,,
aboulic.uk,available,52,1%,7,Medicine,,,
lxxii.uk,available,52,1%,5,Mathematics,,,
xcii.uk,available,52,2%,4,Mathematics,,,
abominable.uk,available,52,2%,10,"Entertainment,Humanities",,,
littlejoe.uk,available,52,2%,10,"Entertainment,Media",,,
lxviii.uk,available,52,1%,6,Mathematics,,,
lxxxvii.uk,available,52,1%,7,Mathematics,,,
lxxiii.uk,available,52,1%,6,Mathematics,,,
lxxxvi.uk,available,52,1%,6,Mathematics,,,
repulsive.uk,available,52,1%,9,Humanities,,,
xcviii.uk,available,52,1%,6,Mathematics,,,
abstruse.uk,available,52,5%,8,"Humanities,Mathematics,Science",,,
lxiii.uk,available,52,2%,5,Mathematics,,,
lxxxi.uk,available,52,1%,5,Mathematics,,,
lxxv.uk,available,52,1%,4,Mathematics,,,
eightytwo.uk,expiring,52,4%,10,Mathematics,12/09/2020 02:45,12/09/2025 02:45,Mark Adams t/a 3DWeb.co.uk
lxxxiv.uk,available,52,1%,6,Mathematics,,,
decumbent.uk,available,52,1%,9,"Healthcare,Medicine,Science",,,
tierce.uk,available,52,3%,6,General,,,
lxxvi.uk,available,52,1%,5,Mathematics,,,
uphill.uk,resell,52,7%,6,"Sports,Transportation,Travel",11/07/2017 10:35,11/07/2026 10:35,Stephen Hall
repugnant.uk,available,52,1%,9,Humanities,,,
sixtyfive.uk,expiring,52,3%,10,Mathematics,23/08/2019 02:39,23/08/2025 02:39,Mark Adams t/a 3DWeb.co.uk
xcv.uk,resell,52,7%,3,Mathematics,29/09/2017 12:53,29/09/2025 12:53,Christopher Clark t/a Brand Selection - Domain Names For Sale
lxvii.uk,available,52,1%,5,Mathematics,,,
lxxxii.uk,available,52,1%,6,Mathematics,,,
sixtytwo.uk,available,52,3%,9,Mathematics,,,
chagrined.uk,available,52,1%,9,Humanities,,,
odious.uk,available,52,2%,6,"Entertainment,Humanities",,,
lxxxiii.uk,available,52,1%,7,Mathematics,,,
scummy.uk,available,50,1%,6,Humanities,,,
ogdoad.uk,available,50,1%,6,Mathematics,,,
aculeated.uk,available,50,0%,9,"Engineering,Medicine,Science",,,
abdicable.uk,available,50,0%,9,Law,,,
acerose.uk,available,50,1%,7,Science,,,
abomasal.uk,available,50,0%,8,Agriculture,,,
trine.uk,available,50,11%,5,"General,Religion",,,
adactylous.uk,available,50,0%,10,Science,,,
acetose.uk,available,50,1%,7,Science,,,
abbatial.uk,available,50,0%,8,Religion,,,
abranchial.uk,available,50,0%,10,Science,,,
cinque.uk,expiring,50,7%,6,Mathematics,07/09/2018 19:29,07/09/2025 19:29,ANY-Web Limited
acaudal.uk,available,50,1%,7,"Agriculture,Science",,,
acapnotic.uk,available,50,0%,9,"Healthcare,Medicine,Science",,,
adhominem.uk,available,50,2%,10,"Humanities,Law,Politics",,,
aborticide.uk,available,50,0%,10,Medicine,,,
acellular.uk,available,50,1%,9,Science,,,
broached.uk,available,50,0%,8,Food and Beverage,,,
spinous.uk,available,50,1%,7,"Agriculture,Science",,,
gillless.uk,available,50,0%,9,Science,,,
abducting.uk,available,50,0%,9,Medicine,,,
acetous.uk,available,50,1%,7,Science,,,
abactinal.uk,available,50,0%,9,Science,,,
vinegary.uk,available,50,1%,8,Food and Beverage,,,
acapnic.uk,available,50,0%,7,"Healthcare,Medicine,Science",,,
acerb.uk,available,50,2%,5,Science,,,
needlelike.uk,available,50,0%,10,"Engineering,Medicine,Science",,,
ilxx.uk,available,48,1%,4,Mathematics,,,
lxxxviii.uk,available,48,1%,8,Mathematics,,,
apriori.uk,expiring,48,13%,8,Mathematics,14/09/2016 07:56,14/09/2025 07:56,Behrendt Professional Corporation t/a Amazing Domains
execrable.uk,available,48,0%,9,"Entertainment,Humanities",,,
ilxxx.uk,available,48,1%,5,Mathematics,,,
acanthotic.uk,available,46,0%,10,"Agriculture,Science",,,
acetabular.uk,available,46,1%,10,Science,,,
acephalous.uk,available,46,1%,10,Science,,,
vinegarish.uk,available,46,1%,10,Food and Beverage,,,
achromous.uk,available,46,1%,9,Science,,,
acheronian.uk,available,46,1%,10,Humanities,,,
achenial.uk,available,46,1%,8,Science,,,
acicular.uk,available,46,2%,8,Science,,,
acarpelous.uk,available,46,0%,10,"Agriculture,Science",,,
stripling.uk,available,46,2%,9,"Education,Entertainment,Healthcare",,,
stemless.uk,available,46,2%,8,"Agriculture,Science",,,
acarpous.uk,available,46,0%,8,"Agriculture,Science",,,
acaudate.uk,available,46,1%,8,"Agriculture,Science",,,
achromic.uk,available,46,2%,8,Science,,,
acetylic.uk,available,46,1%,8,Science,,,
acetonic.uk,available,46,1%,8,Science,,,
cotyloid.uk,available,46,1%,8,Science,,,
acanthoid.uk,available,46,1%,9,"Agriculture,Science",,,
acetylenic.uk,available,46,1%,10,Science,,,
acanthous.uk,available,46,0%,9,"Agriculture,Science",,,
theabsurd.uk,available,46,1%,10,"Arts,Entertainment,Media",,,
acapnial.uk,available,46,0%,8,"Healthcare,Medicine,Science",,,
cotyloidal.uk,available,44,1%,10,Science,,,
acherontic.uk,available,44,1%,10,Humanities,,,
accusatory.uk,available,44,1%,10,Law,,,
abscessed.uk,available,41,0%,9,Healthcare,,,
phoebe.uk,resell,41,14%,6,Science,04/07/2019 13:00,04/07/2026 13:00,Tool Domains EOOD t/a Edoms.com
scurrilous.uk,available,40,1%,10,"Entertainment,Media,Politics",,,
accusive.uk,available,40,1%,8,Law,,,
accurst.uk,available,40,1%,7,Religion,,,